<configs>
	<append xpath="/items">	

		<item name="pjVehicle4x4TruckWhitePlaceable">
			<property name="Extends" value="vehicleMinibikePlaceable"/>
			<property name="Meshfile" value="#@modfolder:Resources/pjJeeps.unity3d?var_Jeep_white"/>
			<property name="EconomicValue" value="30000"/>
			<property class="Action1">
				<property name="Vehicle" value="pjVehicle4x4TruckWhite"/>
				<property name="VehicleSize" value="2.5, 2.1, 5"/>
			</property>
			<effect_group name="pjVehicle4x4TruckWhitePlaceable" tiered="false">
				<passive_effect name="ModSlots" operation="base_set" value="4"/>
				<passive_effect name="ModPowerBonus" operation="base_add" value="300" tags="EconomicValue"/>
				<passive_effect name="DegradationMax" operation="base_set" value="7500"/>
			</effect_group>
		</item>

		<item name="pjVehicle4x4TruckBluePlaceable">
			<property name="Extends" value="vehicleMinibikePlaceable"/>
			<property name="Meshfile" value="#@modfolder:Resources/pjJeeps.unity3d?var_Jeep_blue"/>
			<property name="EconomicValue" value="30000"/>
			<property class="Action1">
				<property name="Vehicle" value="pjVehicle4x4TruckBlue"/>
				<property name="VehicleSize" value="2.5, 2.1, 5"/>
			</property>
			<effect_group name="pjVehicle4x4TruckBluePlaceable" tiered="false">
				<passive_effect name="ModSlots" operation="base_set" value="4"/>
				<passive_effect name="ModPowerBonus" operation="base_add" value="300" tags="EconomicValue"/>
				<passive_effect name="DegradationMax" operation="base_set" value="7500"/>
			</effect_group>
		</item>

		<item name="pjVehicle4x4TruckRedPlaceable">
			<property name="Extends" value="vehicleMinibikePlaceable"/>
			<property name="Meshfile" value="#@modfolder:Resources/pjJeeps.unity3d?var_Jeep_red_hotwheels"/>
			<property name="EconomicValue" value="30000"/>
			<property class="Action1">
				<property name="Vehicle" value="pjVehicle4x4TruckRed"/>
				<property name="VehicleSize" value="2.5, 2.1, 5"/>
			</property>
			<effect_group name="pjVehicle4x4TruckRedPlaceable" tiered="false">
				<passive_effect name="ModSlots" operation="base_set" value="4"/>
				<passive_effect name="ModPowerBonus" operation="base_add" value="300" tags="EconomicValue"/>
				<passive_effect name="DegradationMax" operation="base_set" value="7500"/>
			</effect_group>
		</item>

		<item name="pjVehicle4x4TruckSpartanPlaceable">
			<property name="Extends" value="vehicleMinibikePlaceable"/>
			<property name="Meshfile" value="#@modfolder:Resources/pjJeeps.unity3d?var_Jeep_spartan"/>
			<property name="EconomicValue" value="30000"/>
			<property class="Action1">
				<property name="Vehicle" value="pjVehicle4x4TruckSpartan"/>
				<property name="VehicleSize" value="2.5, 2.1, 5"/>
			</property>
			<effect_group name="pjVehicle4x4TruckSpartanPlaceable" tiered="false">
				<passive_effect name="ModSlots" operation="base_set" value="4"/>
				<passive_effect name="ModPowerBonus" operation="base_add" value="300" tags="EconomicValue"/>
				<passive_effect name="DegradationMax" operation="base_set" value="7500"/>
			</effect_group>
		</item>

		<item name="pjVehicle4x4TruckMissSpartanPlaceable">
			<property name="Extends" value="vehicleMinibikePlaceable"/>
			<property name="Meshfile" value="#@modfolder:Resources/pjJeeps.unity3d?var_Jeep_miss_spartan"/>
			<property name="EconomicValue" value="30000"/>
			<property class="Action1">
				<property name="Vehicle" value="pjVehicle4x4TruckMissSpartan"/>
				<property name="VehicleSize" value="2.5, 2.1, 5"/>
			</property>
			<effect_group name="pjVehicle4x4TruckMissSpartanPlaceable" tiered="false">
				<passive_effect name="ModSlots" operation="base_set" value="4"/>
				<passive_effect name="ModPowerBonus" operation="base_add" value="300" tags="EconomicValue"/>
				<passive_effect name="DegradationMax" operation="base_set" value="7500"/>
			</effect_group>
		</item>

		<item name="pjVehicle4x4TruckTestPlaceable">
			<property name="Extends" value="vehicleMinibikePlaceable"/>
			<property name="Meshfile" value="#@modfolder:Resources/pjJeeps.unity3d?var_Jeep_test_pattern"/>
			<property name="EconomicValue" value="30000"/>
			<property class="Action1">
				<property name="Vehicle" value="pjVehicle4x4TruckTest"/>
				<property name="VehicleSize" value="2.5, 2.1, 5"/>
			</property>
			<effect_group name="pjVehicle4x4TruckTestPlaceable" tiered="false">
				<passive_effect name="ModSlots" operation="base_set" value="4"/>
				<passive_effect name="ModPowerBonus" operation="base_add" value="300" tags="EconomicValue"/>
				<passive_effect name="DegradationMax" operation="base_set" value="7500"/>
			</effect_group>
		</item>

		<item name="pjVehicle4x4TruckUKPlaceable">
			<property name="Extends" value="vehicleMinibikePlaceable"/>
			<property name="Meshfile" value="#@modfolder:Resources/pjJeepsUK.unity3d?var_4x4_UK"/>
			<property name="EconomicValue" value="30000"/>
			<property class="Action1">
				<property name="Vehicle" value="pjVehicle4x4TruckUK"/>
				<property name="VehicleSize" value="2.5, 2.1, 5"/>
			</property>
			<effect_group name="pjVehicle4x4TruckUKPlaceable" tiered="false">
				<passive_effect name="ModSlots" operation="base_set" value="4"/>
				<passive_effect name="ModPowerBonus" operation="base_add" value="300" tags="EconomicValue"/>
				<passive_effect name="DegradationMax" operation="base_set" value="7500"/>
			</effect_group>
		</item>

		<item name="pjVehicle4x4PatrolPlaceable">
			<property name="Extends" value="vehicleMinibikePlaceable"/>
			<property name="Meshfile" value="#@modfolder:Resources/pjJeepsUK.unity3d?var_4x4_UK-patrol"/>
			<property name="EconomicValue" value="30000"/>
			<property class="Action1">
				<property name="Vehicle" value="pjVehicle4x4Patrol"/>
				<property name="VehicleSize" value="2.5, 2.1, 5"/>
			</property>
			<effect_group name="pjVehicle4x4PatrolPlaceable" tiered="false">
				<passive_effect name="ModSlots" operation="base_set" value="4"/>
				<passive_effect name="ModPowerBonus" operation="base_add" value="300" tags="EconomicValue"/>
				<passive_effect name="DegradationMax" operation="base_set" value="7500"/>
			</effect_group>
		</item>

		<item name="pjVehicle4x4War3zUKPlaceable">
			<property name="Extends" value="vehicleMinibikePlaceable"/>
			<property name="Meshfile" value="#@modfolder:Resources/pjJeepsUK.unity3d?var_4x4_UK-war3zuk"/>
			<property name="EconomicValue" value="30000"/>
			<property class="Action1">
				<property name="Vehicle" value="pjVehicle4x4War3zUK"/>
				<property name="VehicleSize" value="2.5, 2.1, 5"/>
			</property>
			<effect_group name="pjVehicle4x4War3zUKPlaceable" tiered="false">
				<passive_effect name="ModSlots" operation="base_set" value="4"/>
				<passive_effect name="ModPowerBonus" operation="base_add" value="300" tags="EconomicValue"/>
				<passive_effect name="DegradationMax" operation="base_set" value="7500"/>
			</effect_group>
		</item>

		<item name="pjVehicle4x4TruckGreenPlaceable">
			<property name="Extends" value="vehicleMinibikePlaceable"/>
			<property name="Meshfile" value="#@modfolder:Resources/pjJeeps.unity3d?var_Jeep_green"/>
			<property name="EconomicValue" value="30000"/>
			<property class="Action1">
				<property name="Vehicle" value="pjVehicle4x4TruckGreen"/>
				<property name="VehicleSize" value="2.5, 2.1, 5"/>
			</property>
			<effect_group name="pjVehicle4x4TruckGreenPlaceable" tiered="false">
				<passive_effect name="ModSlots" operation="base_set" value="4"/>
				<passive_effect name="ModPowerBonus" operation="base_add" value="300" tags="EconomicValue"/>
				<passive_effect name="DegradationMax" operation="base_set" value="7500"/>
			</effect_group>
		</item>


		<!-- Motorcycle -->
		<item name="pjVehicleMotorcycleWhitePlaceable">
			<property name="Extends" value="vehicleMinibikePlaceable"/>
			<property name="Meshfile" value="#@modfolder:Resources/pjMotorcycles.unity3d?Motorcycle_base_white"/>
			<property name="EconomicValue" value="10000"/>
			<property class="Action1">
				<property name="Vehicle" value="pjVehicleMotorcycleWhite"/>
				<property name="VehicleSize" value="1.3, 1.9, 3"/>
			</property>
			<effect_group name="pjVehicleMotorcycleWhitePlaceable" tiered="false">
				<passive_effect name="ModSlots" operation="base_set" value="4"/>
				<passive_effect name="ModPowerBonus" operation="base_add" value="300" tags="EconomicValue"/>
				<passive_effect name="DegradationMax" operation="base_set" value="6000"/>
			</effect_group>
		</item>

		<item name="pjVehicleMotorcycleWhiteNoSpikePlaceable">
			<property name="Extends" value="vehicleMinibikePlaceable"/>
			<property name="Meshfile" value="#@modfolder:Resources/pjMotorcycles.unity3d?Motorcycle_base_white_nospike"/>
			<property name="EconomicValue" value="10000"/>
			<property class="Action1">
				<property name="Vehicle" value="pjVehicleMotorcycleWhiteNoSpike"/>
				<property name="VehicleSize" value="1.3, 1.9, 3"/>
			</property>
			<effect_group name="pjVehicleMotorcycleWhiteNoSpikePlaceable" tiered="false">
				<passive_effect name="ModSlots" operation="base_set" value="4"/>
				<passive_effect name="ModPowerBonus" operation="base_add" value="300" tags="EconomicValue"/>
				<passive_effect name="DegradationMax" operation="base_set" value="6000"/>
			</effect_group>
		</item>

		<item name="pjVehicleMotorcycleWhiteNoShieldPlaceable">
			<property name="Extends" value="vehicleMinibikePlaceable"/>
			<property name="Meshfile" value="#@modfolder:Resources/pjMotorcycles.unity3d?Motorcycle_base_white_noshield"/>
			<property name="EconomicValue" value="10000"/>
			<property class="Action1">
				<property name="Vehicle" value="pjVehicleMotorcycleWhiteNoShield"/>
				<property name="VehicleSize" value="1.3, 1.9, 3"/>
			</property>
			<effect_group name="pjVehicleMotorcycleWhiteNoShieldPlaceable" tiered="false">
				<passive_effect name="ModSlots" operation="base_set" value="4"/>
				<passive_effect name="ModPowerBonus" operation="base_add" value="300" tags="EconomicValue"/>
				<passive_effect name="DegradationMax" operation="base_set" value="6000"/>
			</effect_group>
		</item>

		<item name="pjVehicleMotorcycleWhiteNoHoodPlaceable">
			<property name="Extends" value="vehicleMinibikePlaceable"/>
			<property name="Meshfile" value="#@modfolder:Resources/pjMotorcycles.unity3d?Motorcycle_base_white_nohood"/>
			<property name="EconomicValue" value="10000"/>
			<property class="Action1">
				<property name="Vehicle" value="pjVehicleMotorcycleWhiteNoHood"/>
				<property name="VehicleSize" value="1.3, 1.9, 3"/>
			</property>
			<effect_group name="pjVehicleMotorcycleWhiteNoHoodPlaceable" tiered="false">
				<passive_effect name="ModSlots" operation="base_set" value="4"/>
				<passive_effect name="ModPowerBonus" operation="base_add" value="300" tags="EconomicValue"/>
				<passive_effect name="DegradationMax" operation="base_set" value="6000"/>
			</effect_group>
		</item>


		<item name="pjVehicleMotorcycleRedPlaceable">
			<property name="Extends" value="vehicleMinibikePlaceable"/>
			<property name="Meshfile" value="#@modfolder:Resources/pjMotorcycles.unity3d?Motorcycle_base_red"/>
			<property name="EconomicValue" value="10000"/>
			<property class="Action1">
				<property name="Vehicle" value="pjVehicleMotorcycleRed"/>
				<property name="VehicleSize" value="1.3, 1.9, 3"/>
			</property>
			<effect_group name="pjVehicleMotorcycleRedPlaceable" tiered="false">
				<passive_effect name="ModSlots" operation="base_set" value="4"/>
				<passive_effect name="ModPowerBonus" operation="base_add" value="300" tags="EconomicValue"/>
				<passive_effect name="DegradationMax" operation="base_set" value="6000"/>
			</effect_group>
		</item>

		<item name="pjVehicleMotorcycleRedNoSpikePlaceable">
			<property name="Extends" value="vehicleMinibikePlaceable"/>
			<property name="Meshfile" value="#@modfolder:Resources/pjMotorcycles.unity3d?Motorcycle_base_red_nospike"/>
			<property name="EconomicValue" value="10000"/>
			<property class="Action1">
				<property name="Vehicle" value="pjVehicleMotorcycleRedNoSpike"/>
				<property name="VehicleSize" value="1.3, 1.9, 3"/>
			</property>
			<effect_group name="pjVehicleMotorcycleRedNoSpikePlaceable" tiered="false">
				<passive_effect name="ModSlots" operation="base_set" value="4"/>
				<passive_effect name="ModPowerBonus" operation="base_add" value="300" tags="EconomicValue"/>
				<passive_effect name="DegradationMax" operation="base_set" value="6000"/>
			</effect_group>
		</item>

		<item name="pjVehicleMotorcycleRedNoShieldPlaceable">
			<property name="Extends" value="vehicleMinibikePlaceable"/>
			<property name="Meshfile" value="#@modfolder:Resources/pjMotorcycles.unity3d?Motorcycle_base_red_noshield"/>
			<property name="EconomicValue" value="10000"/>
			<property class="Action1">
				<property name="Vehicle" value="pjVehicleMotorcycleRedNoShield"/>
				<property name="VehicleSize" value="1.3, 1.9, 3"/>
			</property>
			<effect_group name="pjVehicleMotorcycleRedNoShieldPlaceable" tiered="false">
				<passive_effect name="ModSlots" operation="base_set" value="4"/>
				<passive_effect name="ModPowerBonus" operation="base_add" value="300" tags="EconomicValue"/>
				<passive_effect name="DegradationMax" operation="base_set" value="6000"/>
			</effect_group>
		</item>

		<item name="pjVehicleMotorcycleRedNoHoodPlaceable">
			<property name="Extends" value="vehicleMinibikePlaceable"/>
			<property name="Meshfile" value="#@modfolder:Resources/pjMotorcycles.unity3d?Motorcycle_base_red_nohood"/>
			<property name="EconomicValue" value="10000"/>
			<property class="Action1">
				<property name="Vehicle" value="pjVehicleMotorcycleRedNoHood"/>
				<property name="VehicleSize" value="1.3, 1.9, 3"/>
			</property>
			<effect_group name="pjVehicleMotorcycleRedNoHoodPlaceable" tiered="false">
				<passive_effect name="ModSlots" operation="base_set" value="4"/>
				<passive_effect name="ModPowerBonus" operation="base_add" value="300" tags="EconomicValue"/>
				<passive_effect name="DegradationMax" operation="base_set" value="6000"/>
			</effect_group>
		</item>


		<item name="pjVehicleMotorcycleGreenAndGoldPlaceable">
			<property name="Extends" value="vehicleMinibikePlaceable"/>
			<property name="Meshfile" value="#@modfolder:Resources/pjMotorcycles.unity3d?Motorcycle_base_green_and_gold"/>
			<property name="EconomicValue" value="10000"/>
			<property class="Action1">
				<property name="Vehicle" value="pjVehicleMotorcycleGreenAndGold"/>
				<property name="VehicleSize" value="1.3, 1.9, 3"/>
			</property>
			<effect_group name="pjVehicleMotorcycleGreenAndGoldPlaceable" tiered="false">
				<passive_effect name="ModSlots" operation="base_set" value="4"/>
				<passive_effect name="ModPowerBonus" operation="base_add" value="300" tags="EconomicValue"/>
				<passive_effect name="DegradationMax" operation="base_set" value="6000"/>
			</effect_group>
		</item>

		<item name="pjVehicleMotorcycleGreenAndGoldNoSpikePlaceable">
			<property name="Extends" value="vehicleMinibikePlaceable"/>
			<property name="Meshfile" value="#@modfolder:Resources/pjMotorcycles.unity3d?Motorcycle_base_green_and_gold_nospike"/>
			<property name="EconomicValue" value="10000"/>
			<property class="Action1">
				<property name="Vehicle" value="pjVehicleMotorcycleGreenAndGoldNoSpike"/>
				<property name="VehicleSize" value="1.3, 1.9, 3"/>
			</property>
			<effect_group name="pjVehicleMotorcycleGreenAndGoldNoSpikePlaceable" tiered="false">
				<passive_effect name="ModSlots" operation="base_set" value="4"/>
				<passive_effect name="ModPowerBonus" operation="base_add" value="300" tags="EconomicValue"/>
				<passive_effect name="DegradationMax" operation="base_set" value="6000"/>
			</effect_group>
		</item>

		<item name="pjVehicleMotorcycleGreenAndGoldNoShieldPlaceable">
			<property name="Extends" value="vehicleMinibikePlaceable"/>
			<property name="Meshfile" value="#@modfolder:Resources/pjMotorcycles.unity3d?Motorcycle_base_green_and_gold_noshield"/>
			<property name="EconomicValue" value="10000"/>
			<property class="Action1">
				<property name="Vehicle" value="pjVehicleMotorcycleGreenAndGoldNoShield"/>
				<property name="VehicleSize" value="1.3, 1.9, 3"/>
			</property>
			<effect_group name="pjVehicleMotorcycleGreenAndGoldNoShieldPlaceable" tiered="false">
				<passive_effect name="ModSlots" operation="base_set" value="4"/>
				<passive_effect name="ModPowerBonus" operation="base_add" value="300" tags="EconomicValue"/>
				<passive_effect name="DegradationMax" operation="base_set" value="6000"/>
			</effect_group>
		</item>

		<item name="pjVehicleMotorcycleGreenAndGoldNoHoodPlaceable">
			<property name="Extends" value="vehicleMinibikePlaceable"/>
			<property name="Meshfile" value="#@modfolder:Resources/pjMotorcycles.unity3d?Motorcycle_base_green_and_gold_nohood"/>
			<property name="EconomicValue" value="10000"/>
			<property class="Action1">
				<property name="Vehicle" value="pjVehicleMotorcycleGreenAndGoldNoHood"/>
				<property name="VehicleSize" value="1.3, 1.9, 3"/>
			</property>
			<effect_group name="pjVehicleMotorcycleGreenAndGoldNoHoodPlaceable" tiered="false">
				<passive_effect name="ModSlots" operation="base_set" value="4"/>
				<passive_effect name="ModPowerBonus" operation="base_add" value="300" tags="EconomicValue"/>
				<passive_effect name="DegradationMax" operation="base_set" value="6000"/>
			</effect_group>
		</item>


		<item name="pjVehicleMotorcycleBluePlaceable">
			<property name="Extends" value="vehicleMinibikePlaceable"/>
			<property name="Meshfile" value="#@modfolder:Resources/pjMotorcycles.unity3d?Motorcycle_base_blue"/>
			<property name="EconomicValue" value="10000"/>
			<property class="Action1">
				<property name="Vehicle" value="pjVehicleMotorcycleBlue"/>
				<property name="VehicleSize" value="1.3, 1.9, 3"/>
			</property>
			<effect_group name="pjVehicleMotorcycleBluePlaceable" tiered="false">
				<passive_effect name="ModSlots" operation="base_set" value="4"/>
				<passive_effect name="ModPowerBonus" operation="base_add" value="300" tags="EconomicValue"/>
				<passive_effect name="DegradationMax" operation="base_set" value="6000"/>
			</effect_group>
		</item>

		<item name="pjVehicleMotorcycleBlueNoSpikePlaceable">
			<property name="Extends" value="vehicleMinibikePlaceable"/>
			<property name="Meshfile" value="#@modfolder:Resources/pjMotorcycles.unity3d?Motorcycle_base_blue_nospike"/>
			<property name="EconomicValue" value="10000"/>
			<property class="Action1">
				<property name="Vehicle" value="pjVehicleMotorcycleBlueNoSpike"/>
				<property name="VehicleSize" value="1.3, 1.9, 3"/>
			</property>
			<effect_group name="pjVehicleMotorcycleBlueNoSpikePlaceable" tiered="false">
				<passive_effect name="ModSlots" operation="base_set" value="4"/>
				<passive_effect name="ModPowerBonus" operation="base_add" value="300" tags="EconomicValue"/>
				<passive_effect name="DegradationMax" operation="base_set" value="6000"/>
			</effect_group>
		</item>

		<item name="pjVehicleMotorcycleBlueNoShieldPlaceable">
			<property name="Extends" value="vehicleMinibikePlaceable"/>
			<property name="Meshfile" value="#@modfolder:Resources/pjMotorcycles.unity3d?Motorcycle_base_blue_noshield"/>
			<property name="EconomicValue" value="10000"/>
			<property class="Action1">
				<property name="Vehicle" value="pjVehicleMotorcycleBlueNoShield"/>
				<property name="VehicleSize" value="1.3, 1.9, 3"/>
			</property>
			<effect_group name="pjVehicleMotorcycleBlueNoShieldPlaceable" tiered="false">
				<passive_effect name="ModSlots" operation="base_set" value="4"/>
				<passive_effect name="ModPowerBonus" operation="base_add" value="300" tags="EconomicValue"/>
				<passive_effect name="DegradationMax" operation="base_set" value="6000"/>
			</effect_group>
		</item>

		<item name="pjVehicleMotorcycleBlueNoHoodPlaceable">
			<property name="Extends" value="vehicleMinibikePlaceable"/>
			<property name="Meshfile" value="#@modfolder:Resources/pjMotorcycles.unity3d?Motorcycle_base_blue_nohood"/>
			<property name="EconomicValue" value="10000"/>
			<property class="Action1">
				<property name="Vehicle" value="pjVehicleMotorcycleBlueNoHood"/>
				<property name="VehicleSize" value="1.3, 1.9, 3"/>
			</property>
			<effect_group name="pjVehicleMotorcycleBlueNoHoodPlaceable" tiered="false">
				<passive_effect name="ModSlots" operation="base_set" value="4"/>
				<passive_effect name="ModPowerBonus" operation="base_add" value="300" tags="EconomicValue"/>
				<passive_effect name="DegradationMax" operation="base_set" value="6000"/>
			</effect_group>
		</item>


		<item name="pjVehicleMotorcycleBlackAndRedPlaceable">
			<property name="Extends" value="vehicleMinibikePlaceable"/>
			<property name="Meshfile" value="#@modfolder:Resources/pjMotorcycles.unity3d?Motorcycle_base_black_and_red"/>
			<property name="EconomicValue" value="10000"/>
			<property class="Action1">
				<property name="Vehicle" value="pjVehicleMotorcycleBlackAndRed"/>
				<property name="VehicleSize" value="1.3, 1.9, 3"/>
			</property>
			<effect_group name="pjVehicleMotorcycleBlackAndRedPlaceable" tiered="false">
				<passive_effect name="ModSlots" operation="base_set" value="4"/>
				<passive_effect name="ModPowerBonus" operation="base_add" value="300" tags="EconomicValue"/>
				<passive_effect name="DegradationMax" operation="base_set" value="6000"/>
			</effect_group>
		</item>

		<item name="pjVehicleMotorcycleBlackAndRedNoSpikePlaceable">
			<property name="Extends" value="vehicleMinibikePlaceable"/>
			<property name="Meshfile" value="#@modfolder:Resources/pjMotorcycles.unity3d?Motorcycle_base_black_and_red_nospike"/>
			<property name="EconomicValue" value="10000"/>
			<property class="Action1">
				<property name="Vehicle" value="pjVehicleMotorcycleBlackAndRedNoSpike"/>
				<property name="VehicleSize" value="1.3, 1.9, 3"/>
			</property>
			<effect_group name="pjVehicleMotorcycleBlackAndRedNoSpikePlaceable" tiered="false">
				<passive_effect name="ModSlots" operation="base_set" value="4"/>
				<passive_effect name="ModPowerBonus" operation="base_add" value="300" tags="EconomicValue"/>
				<passive_effect name="DegradationMax" operation="base_set" value="6000"/>
			</effect_group>
		</item>

		<item name="pjVehicleMotorcycleBlackAndRedNoShieldPlaceable">
			<property name="Extends" value="vehicleMinibikePlaceable"/>
			<property name="Meshfile" value="#@modfolder:Resources/pjMotorcycles.unity3d?Motorcycle_base_black_and_red_noshield"/>
			<property name="EconomicValue" value="10000"/>
			<property class="Action1">
				<property name="Vehicle" value="pjVehicleMotorcycleBlackAndRedNoShield"/>
				<property name="VehicleSize" value="1.3, 1.9, 3"/>
			</property>
			<effect_group name="pjVehicleMotorcycleBlackAndRedNoShieldPlaceable" tiered="false">
				<passive_effect name="ModSlots" operation="base_set" value="4"/>
				<passive_effect name="ModPowerBonus" operation="base_add" value="300" tags="EconomicValue"/>
				<passive_effect name="DegradationMax" operation="base_set" value="6000"/>
			</effect_group>
		</item>

		<item name="pjVehicleMotorcycleBlackAndRedNoHoodPlaceable">
			<property name="Extends" value="vehicleMinibikePlaceable"/>
			<property name="Meshfile" value="#@modfolder:Resources/pjMotorcycles.unity3d?Motorcycle_base_black_and_red_nohood"/>
			<property name="EconomicValue" value="10000"/>
			<property class="Action1">
				<property name="Vehicle" value="pjVehicleMotorcycleBlackAndRedNoHood"/>
				<property name="VehicleSize" value="1.3, 1.9, 3"/>
			</property>
			<effect_group name="pjVehicleMotorcycleBlackAndRedNoHoodPlaceable" tiered="false">
				<passive_effect name="ModSlots" operation="base_set" value="4"/>
				<passive_effect name="ModPowerBonus" operation="base_add" value="300" tags="EconomicValue"/>
				<passive_effect name="DegradationMax" operation="base_set" value="6000"/>
			</effect_group>
		</item>


		<item name="pjVehicleMotorcyclePinkPlaceable">
			<property name="Extends" value="vehicleMinibikePlaceable"/>
			<property name="Meshfile" value="#@modfolder:Resources/pjMotorcycles.unity3d?Motorcycle_base_pink"/>
			<property name="EconomicValue" value="10000"/>
			<property class="Action1">
				<property name="Vehicle" value="pjVehicleMotorcyclePink"/>
				<property name="VehicleSize" value="1.3, 1.9, 3"/>
			</property>
			<effect_group name="pjVehicleMotorcyclePinkPlaceable" tiered="false">
				<passive_effect name="ModSlots" operation="base_set" value="4"/>
				<passive_effect name="ModPowerBonus" operation="base_add" value="300" tags="EconomicValue"/>
				<passive_effect name="DegradationMax" operation="base_set" value="6000"/>
			</effect_group>
		</item>

		<item name="pjVehicleMotorcyclePinkNoSpikePlaceable">
			<property name="Extends" value="vehicleMinibikePlaceable"/>
			<property name="Meshfile" value="#@modfolder:Resources/pjMotorcycles.unity3d?Motorcycle_base_pink_nospike"/>
			<property name="EconomicValue" value="10000"/>
			<property class="Action1">
				<property name="Vehicle" value="pjVehicleMotorcyclePinkNoSpike"/>
				<property name="VehicleSize" value="1.3, 1.9, 3"/>
			</property>
			<effect_group name="pjVehicleMotorcyclePinkNoSpikePlaceable" tiered="false">
				<passive_effect name="ModSlots" operation="base_set" value="4"/>
				<passive_effect name="ModPowerBonus" operation="base_add" value="300" tags="EconomicValue"/>
				<passive_effect name="DegradationMax" operation="base_set" value="6000"/>
			</effect_group>
		</item>

		<item name="pjVehicleMotorcyclePinkNoShieldPlaceable">
			<property name="Extends" value="vehicleMinibikePlaceable"/>
			<property name="Meshfile" value="#@modfolder:Resources/pjMotorcycles.unity3d?Motorcycle_base_pink_noshield"/>
			<property name="EconomicValue" value="10000"/>
			<property class="Action1">
				<property name="Vehicle" value="pjVehicleMotorcyclePinkNoShield"/>
				<property name="VehicleSize" value="1.3, 1.9, 3"/>
			</property>
			<effect_group name="pjVehicleMotorcyclePinkNoShieldPlaceable" tiered="false">
				<passive_effect name="ModSlots" operation="base_set" value="4"/>
				<passive_effect name="ModPowerBonus" operation="base_add" value="300" tags="EconomicValue"/>
				<passive_effect name="DegradationMax" operation="base_set" value="6000"/>
			</effect_group>
		</item>

		<item name="pjVehicleMotorcyclePinkNoHoodPlaceable">
			<property name="Extends" value="vehicleMinibikePlaceable"/>
			<property name="Meshfile" value="#@modfolder:Resources/pjMotorcycles.unity3d?Motorcycle_base_pink_nohood"/>
			<property name="EconomicValue" value="10000"/>
			<property class="Action1">
				<property name="Vehicle" value="pjVehicleMotorcyclePinkNoHood"/>
				<property name="VehicleSize" value="1.3, 1.9, 3"/>
			</property>
			<effect_group name="pjVehicleMotorcyclePinkNoHoodPlaceable" tiered="false">
				<passive_effect name="ModSlots" operation="base_set" value="4"/>
				<passive_effect name="ModPowerBonus" operation="base_add" value="300" tags="EconomicValue"/>
				<passive_effect name="DegradationMax" operation="base_set" value="6000"/>
			</effect_group>
		</item>


		<!-- For the base model (copied from MotorcycleAlterations) -->
		<item name="maVehicleMotorcycleNoSpikePlaceable">
			<property name="Extends" value="vehicleMinibikePlaceable"/>
			<property name="Meshfile" value="#@modfolder:Resources/pjMotorcycles.unity3d?Motorcycle_base_nospike"/>
			<property name="EconomicValue" value="10000"/>
			<property class="Action1">
				<property name="Vehicle" value="pjVehicleMotorcycleNoSpike"/>
				<property name="VehicleSize" value="1.3, 1.9, 3"/>
			</property>
			<effect_group name="maVehicleMotorcycleNoSpikePlaceable" tiered="false">
				<passive_effect name="ModSlots" operation="base_set" value="4"/>
				<passive_effect name="ModPowerBonus" operation="base_add" value="300" tags="EconomicValue"/>
				<passive_effect name="DegradationMax" operation="base_set" value="6000"/>
			</effect_group>
		</item>

		<item name="maVehicleMotorcycleNoShieldPlaceable">
			<property name="Extends" value="vehicleMinibikePlaceable"/>
			<property name="Meshfile" value="#@modfolder:Resources/pjMotorcycles.unity3d?Motorcycle_base_noshield"/>
			<property name="EconomicValue" value="10000"/>
			<property class="Action1">
				<property name="Vehicle" value="pjVehicleMotorcycleNoShield"/>
				<property name="VehicleSize" value="1.3, 1.9, 3"/>
			</property>
			<effect_group name="maVehicleMotorcycleNoShieldPlaceable" tiered="false">
				<passive_effect name="ModSlots" operation="base_set" value="4"/>
				<passive_effect name="ModPowerBonus" operation="base_add" value="300" tags="EconomicValue"/>
				<passive_effect name="DegradationMax" operation="base_set" value="6000"/>
			</effect_group>
		</item>

		<item name="maVehicleMotorcycleNoHoodPlaceable">
			<property name="Extends" value="vehicleMinibikePlaceable"/>
			<property name="Meshfile" value="#@modfolder:Resources/pjMotorcycles.unity3d?Motorcycle_base_nohood"/>
			<property name="EconomicValue" value="10000"/>
			<property class="Action1">
				<property name="Vehicle" value="pjVehicleMotorcycleNoHood"/>
				<property name="VehicleSize" value="1.3, 1.9, 3"/>
			</property>
			<effect_group name="maVehicleMotorcycleNoHoodPlaceable" tiered="false">
				<passive_effect name="ModSlots" operation="base_set" value="4"/>
				<passive_effect name="ModPowerBonus" operation="base_add" value="300" tags="EconomicValue"/>
				<passive_effect name="DegradationMax" operation="base_set" value="6000"/>
			</effect_group>
		</item>



		<!-- Bicycles -->
		<item name="pjVehicleBicycleBluePlaceable">
			<property name="Extends" value="vehicleMinibikePlaceable"/>
			<property name="DescriptionKey" value="vehiclePlaceableBicycleDesc"/>

			<property name="Meshfile" value="#@modfolder:Resources/pjBicycles.unity3d?Bicycle_blue"/>
			<property name="EconomicValue" value="2500"/>
			<property class="Action1">
				<property name="Vehicle" value="pjVehicleBicycleBlue"/>
			</property>
			<effect_group name="pjVehicleBicycleBluePlaceable" tiered="false">
				<passive_effect name="ModSlots" operation="base_set" value="4"/>
				<passive_effect name="ModPowerBonus" operation="base_add" value="300" tags="EconomicValue"/>
				<passive_effect name="DegradationMax" operation="base_set" value="1500"/>
			</effect_group>
		</item>

		<item name="pjVehicleBicycleBlackPlaceable">
			<property name="Extends" value="vehicleMinibikePlaceable"/>
			<property name="DescriptionKey" value="vehiclePlaceableBicycleDesc"/>

			<property name="Meshfile" value="#@modfolder:Resources/pjBicycles.unity3d?Bicycle_black"/>
			<property name="EconomicValue" value="2500"/>
			<property class="Action1">
				<property name="Vehicle" value="pjVehicleBicycleBlack"/>
			</property>
			<effect_group name="pjVehicleBicycleBlackPlaceable" tiered="false">
				<passive_effect name="ModSlots" operation="base_set" value="4"/>
				<passive_effect name="ModPowerBonus" operation="base_add" value="300" tags="EconomicValue"/>
				<passive_effect name="DegradationMax" operation="base_set" value="1500"/>
			</effect_group>
		</item>

		<item name="pjVehicleBicycleCyanPlaceable">
			<property name="Extends" value="vehicleMinibikePlaceable"/>
			<property name="DescriptionKey" value="vehiclePlaceableBicycleDesc"/>

			<property name="Meshfile" value="#@modfolder:Resources/pjBicycles.unity3d?Bicycle_cyan"/>
			<property name="EconomicValue" value="2500"/>
			<property class="Action1">
				<property name="Vehicle" value="pjVehicleBicycleCyan"/>
			</property>
			<effect_group name="pjVehicleBicycleCyanPlaceable" tiered="false">
				<passive_effect name="ModSlots" operation="base_set" value="4"/>
				<passive_effect name="ModPowerBonus" operation="base_add" value="300" tags="EconomicValue"/>
				<passive_effect name="DegradationMax" operation="base_set" value="1500"/>
			</effect_group>
		</item>

		<item name="pjVehicleBicycleGreenPlaceable">
			<property name="Extends" value="vehicleMinibikePlaceable"/>
			<property name="DescriptionKey" value="vehiclePlaceableBicycleDesc"/>

			<property name="Meshfile" value="#@modfolder:Resources/pjBicycles.unity3d?Bicycle_green"/>
			<property name="EconomicValue" value="2500"/>
			<property class="Action1">
				<property name="Vehicle" value="pjVehicleBicycleGreen"/>
			</property>
			<effect_group name="pjVehicleBicycleGreenPlaceable" tiered="false">
				<passive_effect name="ModSlots" operation="base_set" value="4"/>
				<passive_effect name="ModPowerBonus" operation="base_add" value="300" tags="EconomicValue"/>
				<passive_effect name="DegradationMax" operation="base_set" value="1500"/>
			</effect_group>
		</item>

		<item name="pjVehicleBicyclePinkPlaceable">
			<property name="Extends" value="vehicleMinibikePlaceable"/>
			<property name="DescriptionKey" value="vehiclePlaceableBicycleDesc"/>

			<property name="Meshfile" value="#@modfolder:Resources/pjBicycles.unity3d?Bicycle_pink"/>
			<property name="EconomicValue" value="2500"/>
			<property class="Action1">
				<property name="Vehicle" value="pjVehicleBicyclePink"/>
			</property>
			<effect_group name="pjVehicleBicyclePinkPlaceable" tiered="false">
				<passive_effect name="ModSlots" operation="base_set" value="4"/>
				<passive_effect name="ModPowerBonus" operation="base_add" value="300" tags="EconomicValue"/>
				<passive_effect name="DegradationMax" operation="base_set" value="1500"/>
			</effect_group>
		</item>

		<item name="pjVehicleBicycleRedPlaceable">
			<property name="Extends" value="vehicleMinibikePlaceable"/>
			<property name="DescriptionKey" value="vehiclePlaceableBicycleDesc"/>

			<property name="Meshfile" value="#@modfolder:Resources/pjBicycles.unity3d?Bicycle_red"/>
			<property name="EconomicValue" value="2500"/>
			<property class="Action1">
				<property name="Vehicle" value="pjVehicleBicycleRed"/>
			</property>
			<effect_group name="pjVehicleBicycleRedPlaceable" tiered="false">
				<passive_effect name="ModSlots" operation="base_set" value="4"/>
				<passive_effect name="ModPowerBonus" operation="base_add" value="300" tags="EconomicValue"/>
				<passive_effect name="DegradationMax" operation="base_set" value="1500"/>
			</effect_group>
		</item>

		<item name="pjVehicleBicycleWhitePlaceable">
			<property name="Extends" value="vehicleMinibikePlaceable"/>
			<property name="DescriptionKey" value="vehiclePlaceableBicycleDesc"/>

			<property name="Meshfile" value="#@modfolder:Resources/pjBicycles.unity3d?Bicycle_white"/>
			<property name="EconomicValue" value="2500"/>
			<property class="Action1">
				<property name="Vehicle" value="pjVehicleBicycleWhite"/>
			</property>
			<effect_group name="pjVehicleBicycleWhitePlaceable" tiered="false">
				<passive_effect name="ModSlots" operation="base_set" value="4"/>
				<passive_effect name="ModPowerBonus" operation="base_add" value="300" tags="EconomicValue"/>
				<passive_effect name="DegradationMax" operation="base_set" value="1500"/>
			</effect_group>
		</item>



		<!-- Minibikes -->
		<item name="pjVehicleMinibikeWhitePlaceable">
			<property name="Extends" value="vehicleMinibikePlaceable"/>
			<property name="Meshfile" value="#@modfolder:Resources/pjMinibikes.unity3d?Minibike_base_white"/>
			<property class="Action1">
				<property name="Vehicle" value="pjVehicleMinibikeWhite"/>
			</property>
			<effect_group name="pjVehicleMinibikeWhitePlaceable" tiered="false">
				<passive_effect name="ModSlots" operation="base_set" value="4"/>
				<passive_effect name="ModPowerBonus" operation="base_add" value="300" tags="EconomicValue"/>
				<passive_effect name="DegradationMax" operation="base_set" value="7500"/>
			</effect_group>
		</item>

		<item name="pjVehicleMinibikeBlackPlaceable">
			<property name="Extends" value="vehicleMinibikePlaceable"/>
			<property name="Meshfile" value="#@modfolder:Resources/pjMinibikes.unity3d?Minibike_base_black"/>
			<property class="Action1">
				<property name="Vehicle" value="pjVehicleMinibikeBlack"/>
			</property>
			<effect_group name="pjVehicleMinibikeBlackPlaceable" tiered="false">
				<passive_effect name="ModSlots" operation="base_set" value="4"/>
				<passive_effect name="ModPowerBonus" operation="base_add" value="300" tags="EconomicValue"/>
				<passive_effect name="DegradationMax" operation="base_set" value="7500"/>
			</effect_group>
		</item>

		<item name="pjVehicleMinibikeBluePlaceable">
			<property name="Extends" value="vehicleMinibikePlaceable"/>
			<property name="Meshfile" value="#@modfolder:Resources/pjMinibikes.unity3d?Minibike_base_blue"/>
			<property class="Action1">
				<property name="Vehicle" value="pjVehicleMinibikeBlue"/>
			</property>
			<effect_group name="pjVehicleMinibikeBluePlaceable" tiered="false">
				<passive_effect name="ModSlots" operation="base_set" value="4"/>
				<passive_effect name="ModPowerBonus" operation="base_add" value="300" tags="EconomicValue"/>
				<passive_effect name="DegradationMax" operation="base_set" value="7500"/>
			</effect_group>
		</item>

		<item name="pjVehicleMinibikeGreenPlaceable">
			<property name="Extends" value="vehicleMinibikePlaceable"/>
			<property name="Meshfile" value="#@modfolder:Resources/pjMinibikes.unity3d?Minibike_base_green"/>
			<property class="Action1">
				<property name="Vehicle" value="pjVehicleMinibikeGreen"/>
			</property>
			<effect_group name="pjVehicleMinibikeGreenPlaceable" tiered="false">
				<passive_effect name="ModSlots" operation="base_set" value="4"/>
				<passive_effect name="ModPowerBonus" operation="base_add" value="300" tags="EconomicValue"/>
				<passive_effect name="DegradationMax" operation="base_set" value="7500"/>
			</effect_group>
		</item>

		<item name="pjVehicleMinibikePinkPlaceable">
			<property name="Extends" value="vehicleMinibikePlaceable"/>
			<property name="Meshfile" value="#@modfolder:Resources/pjMinibikes.unity3d?Minibike_base_pink"/>
			<property class="Action1">
				<property name="Vehicle" value="pjVehicleMinibikePink"/>
			</property>
			<effect_group name="pjVehicleMinibikePinkPlaceable" tiered="false">
				<passive_effect name="ModSlots" operation="base_set" value="4"/>
				<passive_effect name="ModPowerBonus" operation="base_add" value="300" tags="EconomicValue"/>
				<passive_effect name="DegradationMax" operation="base_set" value="7500"/>
			</effect_group>
		</item>

		<item name="pjVehicleMinibikeRedPlaceable">
			<property name="Extends" value="vehicleMinibikePlaceable"/>
			<property name="Meshfile" value="#@modfolder:Resources/pjMinibikes.unity3d?Minibike_base_red"/>
			<property class="Action1">
				<property name="Vehicle" value="pjVehicleMinibikeRed"/>
			</property>
			<effect_group name="pjVehicleMinibikeRedPlaceable" tiered="false">
				<passive_effect name="ModSlots" operation="base_set" value="4"/>
				<passive_effect name="ModPowerBonus" operation="base_add" value="300" tags="EconomicValue"/>
				<passive_effect name="DegradationMax" operation="base_set" value="7500"/>
			</effect_group>
		</item>

		<item name="pjVehicleMinibikeTealPlaceable">
			<property name="Extends" value="vehicleMinibikePlaceable"/>
			<property name="Meshfile" value="#@modfolder:Resources/pjMinibikes.unity3d?Minibike_base_teal"/>
			<property class="Action1">
				<property name="Vehicle" value="pjVehicleMinibikeTeal"/>
			</property>
			<effect_group name="pjVehicleMinibikeTealPlaceable" tiered="false">
				<passive_effect name="ModSlots" operation="base_set" value="4"/>
				<passive_effect name="ModPowerBonus" operation="base_add" value="300" tags="EconomicValue"/>
				<passive_effect name="DegradationMax" operation="base_set" value="7500"/>
			</effect_group>
		</item>

		<item name="pjVehicleMinibikeYellowPlaceable">
			<property name="Extends" value="vehicleMinibikePlaceable"/>
			<property name="Meshfile" value="#@modfolder:Resources/pjMinibikes.unity3d?Minibike_base_yellow"/>
			<property class="Action1">
				<property name="Vehicle" value="pjVehicleMinibikeYellow"/>
			</property>
			<effect_group name="pjVehicleMinibikeYellowPlaceable" tiered="false">
				<passive_effect name="ModSlots" operation="base_set" value="4"/>
				<passive_effect name="ModPowerBonus" operation="base_add" value="300" tags="EconomicValue"/>
				<passive_effect name="DegradationMax" operation="base_set" value="7500"/>
			</effect_group>
		</item>

	</append>

	<!-- Change the model for the standard Jeep (now with headlights, top lights and taillights) -->
	<setattribute xpath="//item[@name='vehicle4x4TruckPlaceable']/property[@name='Meshfile']" name="value">#@modfolder:Resources/pjJeeps.unity3d?var_Jeep_base</setattribute>

	<!-- Change the model for the standard Motorcycle (now with headlights and taillights) -->
	<setattribute xpath="//item[@name='vehicleMotorcyclePlaceable']/property[@name='Meshfile']" name="value">#@modfolder:Resources/pjMotorcycles.unity3d?Motorcycle_base</setattribute>

	<!-- Change the model for the standard Minibike  -->
	<setattribute xpath="//item[@name='vehicleMinibikePlaceable']/property[@name='Meshfile']" name="value">#@modfolder:Resources/pjMinibikes.unity3d?Minibike_base</setattribute>

</configs>