<spawnpoints>
    <spawnpoint position="24,53.14436,-48" rotation="0,260,0"/>
    <spawnpoint position="272,44.39519,96" rotation="0,224,0"/>
    <spawnpoint position="640,81.65901,792" rotation="0,216,0"/>
    <spawnpoint position="824,68.77372,1088" rotation="0,350,0"/>
    <spawnpoint position="-464,55.52274,-2040" rotation="0,28,0"/>
    <spawnpoint position="1296,53.9255,2296" rotation="0,124,0"/>
    <spawnpoint position="872,63.47184,-1328" rotation="0,120,0"/>
    <spawnpoint position="584,62.92815,-1208" rotation="0,211,0"/>
    <spawnpoint position="296,72.69555,-1048" rotation="0,359,0"/>
    <spawnpoint position="-312,58.75318,-1152" rotation="0,210,0"/>
    <spawnpoint position="1448,55.34697,-824" rotation="0,29,0"/>
    <spawnpoint position="-1264,55.01343,592" rotation="0,113,0"/>
    <spawnpoint position="200,64.89236,1272" rotation="0,12,0"/>
    <spawnpoint position="320,71.03384,1552" rotation="0,103,0"/>
</spawnpoints>
